{
  "allowAntiWorm": true,
  "allowMultiCompWorm": false,
  "expDistrEnabled": true,
  "lattice": {
    "dimensions": 2,
    "sites": 400
  },
  "maxNumWorms": 2,
  "model": {
    "J_ij": [
      0.0,
      -0.1,
      -0.1,
      0.0
    ],
    "U_a": [
      0.0,
      0.0
    ],
    "U_ab": [
      [
        0.0,
        0.0
      ],
      [
        0.0,
        0.0
      ]
    ],
    "U_inter_ab": [
      [
        0.0,
        0.0
      ],
      [
        0.0,
        0.0
      ]
    ],
    "U_nn_ab": [
      [
        0.0,
        -0.015
      ],
      [
        -0.015,
        0.0
      ]
    ],
    "V_ia": [
      0.0,
      -0.40902053222656265
    ],
    "eta_a": [
      1.0,
      1.0
    ],
    "mu_ia": [
      0.0,
      -0.40902053222656265
    ],
    "t_ij": [
      0.015,
      -0.1
    ]
  },
  "numBinsPerTransl": 1000,
  "seed": {
    "value": 13651233651012751156
  },
  "tMax": 10000000000
}
